<?xml version="1.0" encoding="UTF-8"?>
<project-private xmlns="http://www.netbeans.org/ns/project-private/1">
    <editor-bookmarks xmlns="http://www.netbeans.org/ns/editor-bookmarks/2" lastBookmarkId="0"/>
    <open-files xmlns="http://www.netbeans.org/ns/projectui-open-files/2">
        <group>
            <file>file:/C:/Users/sir%20Itumeleng/Documents/Downloads/smts%20--v2/SMTS/src/AdminDashboard.java</file>
            <file>file:/C:/Users/sir%20Itumeleng/Documents/Downloads/smts%20--v2/SMTS/src/D_dashboard.java</file>
            <file>file:/C:/Users/sir%20Itumeleng/Documents/Downloads/smts%20--v2/SMTS/src/reports.java</file>
        </group>
    </open-files>
</project-private>
